{
    "code": "SUCCESS",
    "msg": "OK",
    "data": [
        {
            "id": 1,
            "name": "混元境",
            "remark": "",
            "state": true,
            "parentId": 0,
            "weight": 1,
            "maxUsers": 111,
            "allocatedUsers": 1,
            "createdAt": "2099-12-31 23:59:59",
            "updatedAt": "2099-12-31 23:59:59"
        },
        {
            "id": 2,
            "name": "混元至道境",
            "remark": "",
            "state": true,
            "parentId": 1,
            "weight": 1,
            "maxUsers": 111,
            "allocatedUsers": 1,
            "createdAt": "2099-12-31 23:59:59",
            "updatedAt": "2099-12-31 23:59:59"
        },
        {
            "id": 3,
            "name": "混元大道境",
            "remark": "",
            "state": true,
            "parentId": 1,
            "weight": 1,
            "maxUsers": 111,
            "allocatedUsers": 1,
            "createdAt": "2099-12-31 23:59:59",
            "updatedAt": "2099-12-31 23:59:59"
        },
        {
            "id": 4,
            "name": "混元天道境",
            "remark": "",
            "state": true,
            "parentId": 1,
            "weight": 1,
            "maxUsers": 111,
            "allocatedUsers": 1,
            "createdAt": "2099-12-31 23:59:59",
            "updatedAt": "2099-12-31 23:59:59"
        },
        {
            "id": 5,
            "name": "混元道境",
            "remark": "",
            "state": true,
            "parentId": 1,
            "weight": 1,
            "maxUsers": 111,
            "allocatedUsers": 1,
            "createdAt": "2099-12-31 23:59:59",
            "updatedAt": "2099-12-31 23:59:59"
        },
        {
            "id": 6,
            "name": "混元无极金仙境",
            "remark": "",
            "state": true,
            "parentId": 1,
            "weight": 1,
            "maxUsers": 111,
            "allocatedUsers": 1,
            "createdAt": "2099-12-31 23:59:59",
            "updatedAt": "2099-12-31 23:59:59"
        },
        {
            "id": 7,
            "name": "混元太极金仙境",
            "remark": "",
            "state": true,
            "parentId": 1,
            "weight": 1,
            "maxUsers": 111,
            "allocatedUsers": 1,
            "createdAt": "2099-12-31 23:59:59",
            "updatedAt": "2099-12-31 23:59:59"
        },
        {
            "id": 8,
            "name": "混元太上金仙境",
            "remark": "",
            "state": true,
            "parentId": 1,
            "weight": 1,
            "maxUsers": 111,
            "allocatedUsers": 1,
            "createdAt": "2099-12-31 23:59:59",
            "updatedAt": "2099-12-31 23:59:59"
        },
        {
            "id": 9,
            "name": "混元大罗金仙境",
            "remark": "",
            "state": true,
            "parentId": 1,
            "weight": 1,
            "maxUsers": 111,
            "allocatedUsers": 1,
            "createdAt": "2099-12-31 23:59:59",
            "updatedAt": "2099-12-31 23:59:59"
        },
        {
            "id": 10,
            "name": "混元金仙境",
            "remark": "",
            "state": true,
            "parentId": 1,
            "weight": 1,
            "maxUsers": 111,
            "allocatedUsers": 1,
            "createdAt": "2099-12-31 23:59:59",
            "updatedAt": "2099-12-31 23:59:59"
        },
        {
            "id": 11,
            "name": "仙境",
            "remark": "",
            "state": true,
            "parentId": 0,
            "weight": 1,
            "maxUsers": 111,
            "allocatedUsers": 1,
            "createdAt": "2099-12-31 23:59:59",
            "updatedAt": "2099-12-31 23:59:59"
        },
        {
            "id": 12,
            "name": "大罗金仙",
            "remark": "",
            "state": true,
            "parentId": 11,
            "weight": 1,
            "maxUsers": 111,
            "allocatedUsers": 1,
            "createdAt": "2099-12-31 23:59:59",
            "updatedAt": "2099-12-31 23:59:59"
        },
        {
            "id": 13,
            "name": "太乙金仙",
            "remark": "",
            "state": true,
            "parentId": 11,
            "weight": 1,
            "maxUsers": 111,
            "allocatedUsers": 1,
            "createdAt": "2099-12-31 23:59:59",
            "updatedAt": "2099-12-31 23:59:59"
        },
        {
            "id": 14,
            "name": "金仙",
            "remark": "",
            "state": true,
            "parentId": 11,
            "weight": 1,
            "maxUsers": 111,
            "allocatedUsers": 1,
            "createdAt": "2099-12-31 23:59:59",
            "updatedAt": "2099-12-31 23:59:59"
        },
        {
            "id": 15,
            "name": "至仙",
            "remark": "",
            "state": true,
            "parentId": 11,
            "weight": 1,
            "maxUsers": 111,
            "allocatedUsers": 1,
            "createdAt": "2099-12-31 23:59:59",
            "updatedAt": "2099-12-31 23:59:59"
        },
        {
            "id": 16,
            "name": "玄仙",
            "remark": "",
            "state": true,
            "parentId": 11,
            "weight": 1,
            "maxUsers": 111,
            "allocatedUsers": 1,
            "createdAt": "2099-12-31 23:59:59",
            "updatedAt": "2099-12-31 23:59:59"
        },
        {
            "id": 17,
            "name": "真仙",
            "remark": "",
            "state": true,
            "parentId": 11,
            "weight": 1,
            "maxUsers": 111,
            "allocatedUsers": 1,
            "createdAt": "2099-12-31 23:59:59",
            "updatedAt": "2099-12-31 23:59:59"
        },
        {
            "id": 18,
            "name": "天仙",
            "remark": "",
            "state": true,
            "parentId": 11,
            "weight": 1,
            "maxUsers": 111,
            "allocatedUsers": 1,
            "createdAt": "2099-12-31 23:59:59",
            "updatedAt": "2099-12-31 23:59:59"
        },
        {
            "id": 19,
            "name": "地仙",
            "remark": "",
            "state": true,
            "parentId": 11,
            "weight": 1,
            "maxUsers": 111,
            "allocatedUsers": 1,
            "createdAt": "2099-12-31 23:59:59",
            "updatedAt": "2099-12-31 23:59:59"
        },
        {
            "id": 20,
            "name": "人仙",
            "remark": "",
            "state": true,
            "parentId": 11,
            "weight": 1,
            "maxUsers": 111,
            "allocatedUsers": 1,
            "createdAt": "2099-12-31 23:59:59",
            "updatedAt": "2099-12-31 23:59:59"
        },
        {
            "id": 21,
            "name": "凡境",
            "remark": "",
            "state": true,
            "parentId": 0,
            "weight": 1,
            "maxUsers": 111,
            "allocatedUsers": 1,
            "createdAt": "2099-12-31 23:59:59",
            "updatedAt": "2099-12-31 23:59:59"
        },
        {
            "id": 22,
            "name": "蜕凡境",
            "remark": "",
            "state": true,
            "parentId": 21,
            "weight": 1,
            "maxUsers": 111,
            "allocatedUsers": 1,
            "createdAt": "2099-12-31 23:59:59",
            "updatedAt": "2099-12-31 23:59:59"
        },
        {
            "id": 23,
            "name": "渡劫境",
            "remark": "",
            "state": true,
            "parentId": 21,
            "weight": 1,
            "maxUsers": 111,
            "allocatedUsers": 1,
            "createdAt": "2099-12-31 23:59:59",
            "updatedAt": "2099-12-31 23:59:59"
        },
        {
            "id": 24,
            "name": "合道境",
            "remark": "",
            "state": true,
            "parentId": 21,
            "weight": 1,
            "maxUsers": 111,
            "allocatedUsers": 1,
            "createdAt": "2099-12-31 23:59:59",
            "updatedAt": "2099-12-31 23:59:59"
        },
        {
            "id": 25,
            "name": "元神境",
            "remark": "",
            "state": true,
            "parentId": 21,
            "weight": 1,
            "maxUsers": 111,
            "allocatedUsers": 1,
            "createdAt": "2099-12-31 23:59:59",
            "updatedAt": "2099-12-31 23:59:59"
        },
        {
            "id": 26,
            "name": "元婴境",
            "remark": "",
            "state": true,
            "parentId": 21,
            "weight": 1,
            "maxUsers": 111,
            "allocatedUsers": 1,
            "createdAt": "2099-12-31 23:59:59",
            "updatedAt": "2099-12-31 23:59:59"
        },
        {
            "id": 27,
            "name": "元丹境",
            "remark": "",
            "state": true,
            "parentId": 21,
            "weight": 1,
            "maxUsers": 111,
            "allocatedUsers": 1,
            "createdAt": "2099-12-31 23:59:59",
            "updatedAt": "2099-12-31 23:59:59"
        },
        {
            "id": 28,
            "name": "筑基境",
            "remark": "",
            "state": true,
            "parentId": 21,
            "weight": 1,
            "maxUsers": 111,
            "allocatedUsers": 1,
            "createdAt": "2099-12-31 23:59:59",
            "updatedAt": "2099-12-31 23:59:59"
        },
        {
            "id": 29,
            "name": "先天境",
            "remark": "",
            "state": true,
            "parentId": 21,
            "weight": 1,
            "maxUsers": 111,
            "allocatedUsers": 1,
            "createdAt": "2099-12-31 23:59:59",
            "updatedAt": "2099-12-31 23:59:59"
        },
        {
            "id": 30,
            "name": "后天境",
            "remark": "",
            "state": true,
            "parentId": 21,
            "weight": 1,
            "maxUsers": 111,
            "allocatedUsers": 1,
            "createdAt": "2099-12-31 23:59:59",
            "updatedAt": "2099-12-31 23:59:59"
        }
    ]
}